tag,nprocs,replicates,selected,elapsed,run,linear,outer,inner,nsteps,memory,elapsed_min,elapsed_max
default,8,1,results_008p,36531.0,35977.621123,25429.535696,307,9462,1,189.356526,36531.0,36531.0
default,16,1,results_016p,20113.0,19506.504676,13054.129486,307,9490,1,197.761988,20113.0,20113.0
default,32,1,results_032p,16379.0,16215.547029,10198.043419,602,12437,1,208.98526479999995,16379.0,16379.0
default,64,1,results_064p,11356.0,11277.903262,6626.278728,605,18711,1,226.0955310999999,11356.0,11356.0
default,128,1,results_128p,8477.0,8427.073566,4100.061805,662,23983,1,253.00403669999994,8477.0,8477.0
default,256,1,results_256p,7109.0,7064.825138,3485.493738,1008,41729,1,292.4580969242187,7109.0,7109.0
disv,4,1,results_004p_disv,88646.0,87684.402271,72788.840245,375,11781,1,168.562189,88646.0,88646.0
disv,8,1,results_008p_disv,37660.0,37262.141464,29640.58107,413,9750,1,172.62466,37660.0,37660.0
disv,16,1,results_016p_disv,21142.0,20789.151196,16804.29585,445,11152,1,179.13679299999998,21142.0,21142.0
disv,32,1,results_032p_disv,9539.0,9437.86059,7444.641231,408,9511,1,189.5530446,9539.0,9539.0
disv,64,1,results_064p_disv,4865.0,4799.645656,3800.598766,365,10268,1,205.24722770000002,4865.0,4865.0
disv,128,1,results_128p_disv,3047.939,3008.695692,2392.254325,485,12369,1,230.4218799000001,3047.939,3047.939
disv,256,1,results_256p_disv,1705.258,1679.631336,1296.454613,496,13746,1,266.04393396289055,1705.258,1705.258
disv_1node,8,1,results_008p_disv_1node,37483.0,37135.981372,29546.093939,413,9750,1,172.62466,37483.0,37483.0
